round,hospital,train_loss,test_loss,micro_f1,precision,recall,macro_f1,macro_precision,macro_recall
1,chapman_shaoxing,0.16936438503791826,0.1341910547876762,0.7665369649805448,0.8691176470588236,0.685614849187935,0.3652092562808125,0.4412600835671489,0.3396996104751789
1,cpsc_2018,0.1757759869347016,0.1495157712697983,0.6118803037070121,0.7025641025641025,0.5419303797468354,0.22497733826668587,0.2875488765787677,0.22933278056763584
1,georgia,0.24255480792592554,0.2456549180364146,0.5455514118273841,0.6900269541778976,0.4511013215859031,0.27522216970979047,0.3840115456023539,0.29562461087408787
1,ningbo,0.12075201340560687,0.1100078657229564,0.8082797116055508,0.8723226238286479,0.7529972555250614,0.33755915496135874,0.4435484587300922,0.31580835309603494
1,ptb-xl,0.15792933884059068,0.13712627650327103,0.8014641521445055,0.807310035267714,0.7957023226418075,0.4064149281591372,0.3793410652900529,0.4490565944682375
2,chapman_shaoxing,0.15190047463856937,0.16652679358119682,0.6787906342350534,0.8234969663541092,0.577339520494973,0.3022601462322089,0.3943835545080361,0.29563533697777455
2,cpsc_2018,0.13458476671328148,0.1149534876892964,0.7371549893842887,0.7956003666361137,0.6867088607594937,0.3540141621159987,0.4039377308609831,0.34326135089894194
2,georgia,0.21507872354385316,0.2012711100786635,0.6466466466466466,0.7485515643105446,0.5691629955947136,0.41910023018612846,0.5588661121808046,0.37954480600288937
2,ningbo,0.11587264634920572,0.10789276403108877,0.8082901554404145,0.8289054197662061,0.788675429726997,0.4001952148228567,0.4427358460505965,0.40196149979837204
2,ptb-xl,0.13523967828984043,0.12866458597065378,0.7976129582267689,0.8661359007591187,0.7391373044714805,0.4180207017629786,0.5047151209890887,0.38969543884231816
3,chapman_shaoxing,0.1269670841887182,0.10226861592697895,0.8363125125527214,0.8700376096949436,0.8051044083526682,0.5673154341371804,0.5918292146158911,0.5560794356308163
3,cpsc_2018,0.12521711527680357,0.08867669100562732,0.8005104210974053,0.8656853725850966,0.7444620253164557,0.4117755298085193,0.4714111347435563,0.39254607362255345
3,georgia,0.19844393848496325,0.19527958557733055,0.6550724637681159,0.7251336898395722,0.5973568281938326,0.44525185795500205,0.5100994926941919,0.43941866442889016
3,ningbo,0.09928832771852451,0.09709124904924206,0.8212308179085588,0.9076761671620913,0.7498194424382493,0.4034531404291107,0.4663792470027163,0.3857754827708351
3,ptb-xl,0.13085034192175013,0.12828671357137622,0.8115754587341363,0.8308507116848726,0.7931742771369885,0.458412250146734,0.48151317869132115,0.45197643645210195
4,chapman_shaoxing,0.1210900058459704,0.10367572526999955,0.8293299620733249,0.9111111111111111,0.7610208816705336,0.5159748548082702,0.6233994016788446,0.472364615748525
4,cpsc_2018,0.12413623212526242,0.10493701666593552,0.7732276530162924,0.871896722939424,0.694620253164557,0.3916121464926508,0.4752834516232218,0.36814803094395515
4,georgia,0.19141777844040417,0.18351985716704025,0.677916360968452,0.7619571192963167,0.6105726872246696,0.45435497645084344,0.6120808029211943,0.42625306394371526
4,ningbo,0.09376605382385998,0.0940245161857456,0.8329986096091457,0.8952349327577619,0.7788530983677596,0.3858338387152651,0.4776134317927594,0.35566149483607323
4,ptb-xl,0.12570474848165372,0.11668274375280727,0.8213324635081138,0.8486686889113583,0.7957023226418075,0.44731005230625814,0.48010252874874865,0.43516186462816364
5,chapman_shaoxing,0.11422135424651918,0.09951717122378996,0.8387755102040816,0.8880726015557476,0.7946635730858469,0.5122288054987381,0.6118695412372098,0.4743589356172107
5,cpsc_2018,0.1268660788362225,0.0922669616341591,0.7950469684030743,0.8636363636363636,0.7365506329113924,0.40584963643877336,0.42052027201972436,0.39391529567630884
5,georgia,0.1819310947777886,0.1752744765536299,0.7154105736782902,0.7310344827586207,0.7004405286343612,0.5552435828259868,0.573540071748675,0.5603376148285025
5,ningbo,0.08928133107020134,0.09120324158708432,0.8375185793632167,0.913481228668942,0.7732197024411382,0.4296990725874878,0.4911645132858429,0.4103947263638022
5,ptb-xl,0.12232353699397111,0.11437162147133749,0.8261232670786705,0.8761736049601417,0.7814820666772002,0.46633365790548104,0.511846200669212,0.4386418640051906
6,chapman_shaoxing,0.10761487148623052,0.0942688267993725,0.8399675060926076,0.8845166809238666,0.7996906419180201,0.5397837253375549,0.6198818048921937,0.5094732320987837
6,cpsc_2018,0.13105654122928778,0.09683734486500423,0.7909053999187983,0.8123436196830692,0.7705696202531646,0.4361042443081944,0.4579806709459029,0.4248695813898631
6,georgia,0.17932156685228443,0.16681368591137302,0.7114777966512982,0.7920043219881145,0.6458149779735682,0.5398613322563149,0.5948413851125527,0.510133345227613
6,ningbo,0.08547648182774858,0.08880573630066854,0.8338548424025033,0.8839805825242718,0.7891087678751986,0.4416102848037573,0.4564504760650158,0.4528728761530214
6,ptb-xl,0.12084893949910602,0.11667785245372768,0.820580474934037,0.8580789791343335,0.786222151998736,0.445279167857491,0.5146904615015729,0.4227160035310135
7,chapman_shaoxing,0.10406223512917061,0.09242208619302107,0.852139303482587,0.8778187781877819,0.8279195668986852,0.5626512186399052,0.6281103368732036,0.5349707819619448
7,cpsc_2018,0.1287727889853219,0.09633235936363538,0.8036785285885646,0.8124494745351657,0.7950949367088608,0.4347566951416293,0.44809765981703037,0.44246894629390954
7,georgia,0.17338987635265962,0.16635003541279764,0.7022538552787663,0.7609254498714653,0.6519823788546255,0.5024032671064372,0.5828273266413337,0.4818826531906939
7,ningbo,0.0828108242856865,0.08615754912274756,0.8341538461538461,0.8922165542208327,0.7831864798497761,0.4433069417347488,0.5130960338095156,0.4474218635342971
7,ptb-xl,0.11860180349432697,0.11411481527717848,0.825106022052587,0.8906793627540743,0.7685258334650024,0.44064911768444937,0.5401879710263423,0.4171909257879381
8,chapman_shaoxing,0.10132523372990816,0.08575368238518298,0.8518518518518519,0.9220720720720721,0.791569992266048,0.5782242452432358,0.6181088009309775,0.557859282535042
8,cpsc_2018,0.12562622672567764,0.09188378016153971,0.8021885521885522,0.8570143884892086,0.7539556962025317,0.41972234745076453,0.44256272614432096,0.40690039053176735
8,georgia,0.17168728711412234,0.168292445465199,0.6966836117162915,0.7732401934443848,0.633920704845815,0.531083148390134,0.6089851234466094,0.5038871169212473
8,ningbo,0.07998992467337937,0.08531938807240554,0.8477050413844996,0.8847180775875608,0.8136645962732919,0.46231099182798036,0.5156883178661987,0.45415821268853557
8,ptb-xl,0.11603118072019557,0.11545152918297528,0.8226753670473084,0.8502781992918563,0.7968083425501659,0.4683598722360505,0.4927481391304019,0.45937519476557737
9,chapman_shaoxing,0.09728820200005028,0.08398007650433456,0.8600364593882925,0.9030199914929817,0.8209590100541376,0.5860769967531958,0.6136772332480088,0.5664714180048034
9,cpsc_2018,0.12356555500378211,0.08691542506217957,0.8044217687074829,0.8694852941176471,0.7484177215189873,0.42612343871885483,0.464953714043924,0.4011384431573603
9,georgia,0.16831959356718204,0.15182101712064835,0.7524982570299791,0.7963600590260699,0.713215859030837,0.5929228122590228,0.6016686705042914,0.5896363014677029
9,ningbo,0.07771939399841661,0.08593188280771885,0.8392707300328018,0.8892660847074039,0.7945977177524195,0.48576113238435914,0.5499240195449681,0.46442886196714595
9,ptb-xl,0.11367368671384431,0.10859417939424061,0.8332506203473945,0.8743273737198403,0.7958603254858587,0.46583593142322716,0.514586494548198,0.43895017179210577
10,chapman_shaoxing,0.0925643868910469,0.08280138103133541,0.8583656001630324,0.9073675140025851,0.814385150812065,0.5864108487850596,0.6426167128783035,0.5676898300619003
10,cpsc_2018,0.12244901550312837,0.095167041644454,0.7968941561095219,0.8241758241758241,0.7713607594936709,0.42535761843340475,0.44473977395738445,0.43103146517246116
10,georgia,0.16386062903877566,0.1559725093465407,0.7172684844018669,0.8106607440310938,0.6431718061674009,0.5531171584256503,0.6214362799937295,0.509097642618712
10,ningbo,0.07519289395771252,0.08354885346788381,0.8452435838327954,0.9029715974388441,0.7944532717030189,0.47734589941935396,0.565480842259117,0.45434886614478515
10,ptb-xl,0.11283824593891095,0.10923050101775633,0.8340180772391126,0.8688580722479028,0.8018644335598041,0.4411524020034258,0.5306984584169591,0.4319697478868769
11,chapman_shaoxing,0.08907283120442601,0.08213682587148022,0.8597560975609756,0.9061696658097687,0.8178654292343387,0.5843082496172128,0.6424631573059265,0.5757305902187454
11,cpsc_2018,0.11563190752640366,0.08190387760599455,0.8112416107382551,0.8633928571428572,0.7650316455696202,0.40932427458153015,0.4116181437610009,0.40888530000831236
11,georgia,0.160414311523531,0.15490208869998895,0.7327810650887574,0.7918158567774936,0.6819383259911894,0.5819629982606492,0.6006256661457249,0.5690368335679279
11,ningbo,0.07387797871777302,0.08138646492734551,0.8471763349980791,0.904957321076822,0.7963310703452261,0.4764744570355417,0.5608402643176199,0.4532398129234769
11,ptb-xl,0.11138869587247023,0.1080636275160222,0.8289197141656158,0.8857348185411427,0.7789540211723811,0.4620800492954286,0.523030940032153,0.4520255772547435
12,chapman_shaoxing,0.08697671880213952,0.0809044522564795,0.8674551386623165,0.9176013805004314,0.8225058004640371,0.5891079989545559,0.6515965356960608,0.5529666049810449
12,cpsc_2018,0.11058629096796115,0.08326018363237381,0.8275862068965517,0.8713910761154856,0.7879746835443038,0.45511839993189324,0.5037424489722373,0.4456615502484815
12,georgia,0.15808271925312048,0.15525152241286722,0.7411405773292654,0.7930688096433953,0.6955947136563877,0.5826865240187428,0.6050404353917002,0.5763694680424384
12,ningbo,0.07219034662144827,0.0841730722212898,0.8378966319105844,0.8715667915106118,0.8067311859020656,0.48496061415535435,0.5006939905829543,0.5067248286729998
12,ptb-xl,0.10970199557495774,0.10567265336787746,0.8373173970783533,0.8819723727924462,0.7969663453942171,0.4870024142232499,0.5369894344438438,0.4782275055231508
13,chapman_shaoxing,0.08543710787869563,0.08588696610561367,0.8456738768718802,0.914941494149415,0.7861562258313999,0.588537635648832,0.6706862655219444,0.5506288035233596
13,cpsc_2018,0.10793496339892347,0.08835676481326421,0.8080724876441515,0.8427835051546392,0.7761075949367089,0.42428214124708225,0.45074424285721754,0.42297310077005995
13,georgia,0.15483695862120858,0.15080276077378144,0.7460578959755236,0.8009095502779181,0.698237885462555,0.5834340424679628,0.6056637113459787,0.5680392965308215
13,ningbo,0.07062658114796658,0.08094969303480216,0.8501081847347609,0.8791666666666667,0.822909143434927,0.5065812553375938,0.538296350614614,0.50488191218888
13,ptb-xl,0.10848496269307209,0.10392011430808573,0.8461161879895561,0.8748101906529442,0.8192447464054353,0.48281072621626225,0.5331827602665722,0.46311847525561145
14,chapman_shaoxing,0.0824583723721927,0.07973389702422892,0.8681925808997633,0.8863819500402901,0.8507347254447022,0.6105230304027286,0.6652065187889982,0.6074230876767187
14,cpsc_2018,0.1056356151526173,0.08558828398585319,0.8151465798045603,0.839765100671141,0.7919303797468354,0.4383631779811044,0.4360403073398597,0.44571384792573904
14,georgia,0.1532846117282615,0.1515345791155852,0.7401983939537081,0.7978615071283096,0.6903083700440529,0.5852323200322408,0.6184984644306505,0.5656946933465675
14,ningbo,0.06913006880556954,0.08433606118629021,0.8390214436726064,0.8789748457522544,0.8025422504694497,0.4844906688290112,0.5073056729504758,0.4841796954990225
14,ptb-xl,0.10742616902031146,0.10573697862827959,0.8373956594323874,0.8876305078747124,0.7925422657607837,0.45959123196672486,0.5580211314071961,0.43741714178088387
15,chapman_shaoxing,0.08148378334670563,0.07617404504473936,0.8719572531169603,0.892987434130523,0.8518948182521269,0.6287682280109071,0.6961140522965416,0.600300817673266
15,cpsc_2018,0.10118801043679317,0.0813809151450793,0.8252508361204013,0.875,0.7808544303797469,0.4218904316488073,0.41932548290653066,0.4264193714378958
15,georgia,0.1533727656465535,0.15615736099990826,0.7392889699179581,0.7658168083097262,0.7145374449339207,0.5867085927911094,0.619190537714466,0.570218016653938
15,ningbo,0.06867963154977663,0.07992295573399003,0.8493906645205794,0.9048007838014369,0.8003755597284414,0.494621410651624,0.5688225683889271,0.4728172041665644
15,ptb-xl,0.10558922562974828,0.10395280452367243,0.8448149056141211,0.8749153689911984,0.8167167009006162,0.4892048806839195,0.5258418737336107,0.4796259520008835
16,chapman_shaoxing,0.07994818129436353,0.07820558756337327,0.8672635266640716,0.8730407523510971,0.8615622583139985,0.6171980496404873,0.6347170269427939,0.6167656423631956
16,cpsc_2018,0.10089809960375229,0.08097489376862844,0.8263572316618317,0.8677110530896431,0.7887658227848101,0.45257635706155597,0.4813561969848923,0.431947008570642
16,georgia,0.1509199419113643,0.14958132318790676,0.7515095215977705,0.7946954813359528,0.7127753303964758,0.5916761956702133,0.6550017531002695,0.5778178285526311
16,ningbo,0.06742655319489116,0.07556311678274402,0.8577051165607024,0.9009381459691524,0.81843131590351,0.5227256288729728,0.5689134740538703,0.5016848774820776
16,ptb-xl,0.10583058408967895,0.10445336206415987,0.828060522696011,0.9081651895153686,0.7609416969505451,0.4541323143191623,0.5822126146303113,0.4286508244365395
17,chapman_shaoxing,0.0786266112522145,0.07503738710498911,0.8729745949189838,0.904268545379196,0.8437741686001546,0.6374266484312657,0.6629467492489706,0.626731782074937
17,cpsc_2018,0.0986598301740984,0.08232945861915747,0.8183319570602807,0.8557858376511226,0.7840189873417721,0.42317669520317086,0.46386784325229025,0.4204797051694389
17,georgia,0.15000894431974374,0.15443615109017753,0.752022186272244,0.790957705396208,0.7167400881057269,0.5874185436616886,0.6271014945583998,0.5787955630096374
17,ningbo,0.06653204074867289,0.07553976608573326,0.8626073963391857,0.8933766635716497,0.8338870431893688,0.5286785471482841,0.5545662675583947,0.5212885678347163
17,ptb-xl,0.1043652048823158,0.10189429397903695,0.8421491045397751,0.8905919661733616,0.7987043766787802,0.4844662242949618,0.5850742626884028,0.4551782349515969
18,chapman_shaoxing,0.07756398921148286,0.07397582872881223,0.8747466558573166,0.9190800681431005,0.8344934261407579,0.6289452569570271,0.6719858203720427,0.6003244506887742
18,cpsc_2018,0.09891173231105009,0.07970583034058412,0.8237738985868661,0.8677758318739054,0.7840189873417721,0.4406027465234686,0.5097339133937576,0.4311920042645257
18,georgia,0.14814349135164828,0.14672363151624365,0.7528641571194763,0.802192326856004,0.7092511013215859,0.5981304819113052,0.619305746691389,0.5908187266481643
18,ningbo,0.06505795357391335,0.0782168490452958,0.8483618875864142,0.8841033672670321,0.8153979488660985,0.5166785828920671,0.5765664848297803,0.49745180730104704
18,ptb-xl,0.10327120639114666,0.10191529574219718,0.845611156685808,0.8793721207984986,0.8143466582398483,0.4888018627223367,0.5330403729778035,0.4689373426310208
19,chapman_shaoxing,0.07710195242994783,0.07375996754015401,0.8753691671588896,0.8916967509025271,0.8596287703016241,0.6377715189046996,0.6668741506776423,0.6397785315375373
19,cpsc_2018,0.09752929337322712,0.07805480668942133,0.8285714285714286,0.8558178752107926,0.803006329113924,0.4589529184767785,0.503658848031107,0.4519620441332957
19,georgia,0.14737971428343477,0.14756588836752096,0.74635429117858,0.8159958180867747,0.6876651982378854,0.5979555763638249,0.6706066270662042,0.5708445685045084
19,ningbo,0.06470397730122938,0.0756598956104634,0.853398354160317,0.9030801483631672,0.8088978766430738,0.5311786500539437,0.6027110323716371,0.5053826590423619
19,ptb-xl,0.10305396990829321,0.10343440843767313,0.8421750663129973,0.8857890148212729,0.80265444778006,0.4745351054568971,0.6223011883320851,0.458278258331634
20,chapman_shaoxing,0.07541713741313341,0.07461213949531065,0.8711433756805808,0.9102402022756005,0.8352668213457076,0.6248373204598295,0.6565294266008374,0.6081959554660462
20,cpsc_2018,0.09838312396158774,0.07925834986070791,0.8268522308636922,0.8566581849024597,0.7990506329113924,0.42701636020396,0.4739999316216628,0.4278082003734262
20,georgia,0.14731151533002654,0.14462556769546953,0.7522629823725584,0.8189834024896265,0.6955947136563877,0.60119078145133,0.6483873444089224,0.5900739160808453
20,ningbo,0.06351325374115378,0.07492091628722847,0.8575913882036331,0.8887511620700341,0.8285425393615484,0.5244669531289722,0.5761210859792386,0.509366906452654
20,ptb-xl,0.10219767356482636,0.09983804520970288,0.8481158466348527,0.8848068669527897,0.8143466582398483,0.49322874760715973,0.5818591799632944,0.4753893074734667
21,chapman_shaoxing,0.07562172270899999,0.07345015486954885,0.8731884057971014,0.9105793450881612,0.8387470997679815,0.5936271430470851,0.61942200287766,0.5854191832281453
21,cpsc_2018,0.09689491963634889,0.07837013443311056,0.818407960199005,0.8597560975609756,0.7808544303797469,0.43696556890860977,0.45817010037523126,0.43773630420644144
21,georgia,0.14529781377709963,0.1436420467872064,0.7540603248259861,0.7965686274509803,0.7158590308370044,0.6016261151297496,0.6147938184195635,0.6001363700259322
21,ningbo,0.06277402776670404,0.07711459057671684,0.8466081162931557,0.8895783611774065,0.8075978621984689,0.5073574913685734,0.5701954717085844,0.5084963213075969
21,ptb-xl,0.10080686989045586,0.10045564012467408,0.8417053609117772,0.9037345902828137,0.7876441775951967,0.46639600895854366,0.5996299250093092,0.4350651854126695
22,chapman_shaoxing,0.07501149764818371,0.07685842246638011,0.8723658051689861,0.897708674304419,0.848414539829853,0.6394493714881198,0.6572413294562572,0.6441171245691767
22,cpsc_2018,0.09582242957005899,0.07551514059305191,0.8305921052631579,0.8647260273972602,0.7990506329113924,0.46352644431355056,0.5239617138594724,0.44779658976194064
22,georgia,0.14474905370825938,0.14694085608697632,0.7567063214369023,0.8041646008924145,0.7145374449339207,0.6004627904041211,0.6482448156238795,0.5915796932424834
22,ningbo,0.062004264289450294,0.0744496079421203,0.8623231132075472,0.8803611738148984,0.845009388993211,0.55243713304899,0.5884470115632712,0.5524676064605928
22,ptb-xl,0.10045978020409214,0.10141969033775447,0.8487558952675232,0.8743508125314123,0.8246168431031758,0.4991017162117011,0.5983856907627555,0.4780852702025408
23,chapman_shaoxing,0.07449231804160682,0.0754391960799694,0.8648648648648649,0.8896156991005724,0.8414539829853055,0.6372758931946753,0.678214665826712,0.6153973430477999
23,cpsc_2018,0.09639306661983331,0.07385486751794815,0.8345679012345679,0.869639794168096,0.8022151898734177,0.4661140327373698,0.5255158222450756,0.45168038410886385
23,georgia,0.14377658969412246,0.14654997121361854,0.7469426152398871,0.8012108980827447,0.6995594713656388,0.5984767254807642,0.6693675278855272,0.5820921538333209
23,ningbo,0.06135713369776391,0.07559331691358238,0.8548884045990832,0.8909774436090225,0.8216091289903221,0.5144056656895061,0.5871118584543232,0.4958141901059652
23,ptb-xl,0.0997718825808836,0.09989063699549142,0.8435351882160392,0.8748939059582413,0.8143466582398483,0.5118482902709137,0.5547368045716478,0.5062116127846795
24,chapman_shaoxing,0.07289826418737824,0.0734705386951692,0.8759473474272038,0.9044481054365733,0.8491879350348028,0.6427284794789273,0.6761610410717811,0.6308915126457015
24,cpsc_2018,0.09326266786704461,0.084873873218894,0.8205546492659054,0.8468013468013468,0.7958860759493671,0.4498157718942279,0.5113115277520914,0.44555592409446815
24,georgia,0.14287727401938802,0.14172874362144655,0.761049723756906,0.7970106075216972,0.728193832599119,0.6098548696471996,0.7431565672286017,0.6001662868357951
24,ningbo,0.06109080898175773,0.08190443561345871,0.8462664714494875,0.8579486418287071,0.8348981655351726,0.5364901525089714,0.5852349568290264,0.5341516825514486
24,ptb-xl,0.09945070152896893,0.09887237493444531,0.8437605112680794,0.9018515189645875,0.7927002686048349,0.494932063631488,0.584436764968943,0.4608597538210935
25,chapman_shaoxing,0.07290156180288192,0.07219407153394768,0.875801282051282,0.9085619285120532,0.8453209590100541,0.6379563921649805,0.6815331764113989,0.6318785538523854
25,cpsc_2018,0.0941338832428058,0.07540508774419626,0.8321591380024865,0.8738033072236727,0.7943037974683544,0.4534233532125849,0.5194154153031137,0.43708260735007975
25,georgia,0.14256588164169123,0.1421420384306931,0.7549453106818711,0.8001973359644795,0.7145374449339207,0.6166592627867546,0.6889308198385339,0.6111053428126841
25,ningbo,0.06016252095135509,0.07352420505136252,0.8601532567049809,0.877876372386825,0.8431315903510039,0.5413780854825863,0.5767670535030383,0.5491895470328797
25,ptb-xl,0.0985818205227785,0.10026248239915633,0.8489370236662656,0.8622881355932204,0.8359930478748617,0.497770594804049,0.5994861034523055,0.4944672340283564
26,chapman_shaoxing,0.07268506722750177,0.07209301998807212,0.8765505020673361,0.8929001203369434,0.8607888631090487,0.6533388508473809,0.6640689385189541,0.6446249905122602
26,cpsc_2018,0.09316643357897798,0.0757865217824777,0.8318367346938775,0.8591905564924115,0.8061708860759493,0.44841940236660355,0.4841489223464827,0.44642507020730293
26,georgia,0.14209095639742764,0.1467801167186603,0.7407579632643572,0.7843426883308715,0.701762114537445,0.6016027650973689,0.743413400321078,0.5848041353747059
26,ningbo,0.05923091194248945,0.07090953854777451,0.8648730350665055,0.9069583135203677,0.8265202946699408,0.5408852051685957,0.6468377337212006,0.5128235377641006
26,ptb-xl,0.09802806538356178,0.10110497001572707,0.8457777409463827,0.8893342628093412,0.8062885131932375,0.49183984209251963,0.5787647355345947,0.4731833137774659
27,chapman_shaoxing,0.07221620725250295,0.07159483019199411,0.8737118609820166,0.9149386373254338,0.8360402165506574,0.621711084370797,0.6872330387541578,0.588442358528462
27,cpsc_2018,0.09477066531777383,0.07270102933049202,0.8459637561779242,0.8823024054982818,0.8125,0.484066291985104,0.5161842287018436,0.4705072228364063
27,georgia,0.14061950857513675,0.14130347710355973,0.7489421720733427,0.8029233870967742,0.701762114537445,0.6095512002565008,0.7000829653558235,0.5837690110604354
27,ningbo,0.058670100413187855,0.07329945559214268,0.8587645584549609,0.876862863164233,0.8413982377581973,0.5294956780149154,0.6496567891255308,0.511613669502467
27,ptb-xl,0.09715019843714602,0.09807699586587033,0.8494994255703266,0.8837288714358886,0.8178227208089746,0.50814648948607,0.605837367420044,0.49677552615902326
28,chapman_shaoxing,0.07132093355083352,0.0708422847013226,0.8726101831354397,0.9097775912715065,0.8383604021655066,0.6275583528954216,0.6853072483709984,0.5970027391635159
28,cpsc_2018,0.0917690477333963,0.07172856601576011,0.842061855670103,0.8794142980189492,0.807753164556962,0.4580791052651004,0.4857195109551718,0.44846742979397725
28,georgia,0.1403287864637141,0.14166549202597256,0.7551636110466465,0.7979401667484061,0.7167400881057269,0.6111557694374802,0.653724830015446,0.6027597623251254
28,ningbo,0.05790975310161474,0.07528015956415662,0.8535848500478963,0.8712394705174489,0.8366315181279792,0.5579716605641797,0.6363109471276925,0.5632983811034257
28,ptb-xl,0.09715372222358849,0.09684299504094024,0.8515141647671768,0.8782535684298909,0.826354874387739,0.509367833955687,0.5746121626364468,0.5010813979952181
29,chapman_shaoxing,0.07056222043757479,0.07308498746320857,0.8741721854304636,0.9086357947434293,0.8422273781902552,0.6402178031744306,0.6605528396135188,0.6393384163338302
29,cpsc_2018,0.09067097570126255,0.07207239575684071,0.8425391591096455,0.8795180722891566,0.8085443037974683,0.48152091655999074,0.5336972618882332,0.4620433584537194
29,georgia,0.14020912101784466,0.1411569377823362,0.7513732983042751,0.8205529473135107,0.6929515418502202,0.5997858977912717,0.6674790489075275,0.5765919234459463
29,ningbo,0.057387096007936386,0.07143948886210898,0.866661664290538,0.9017801374141162,0.8341759352881699,0.5642542293147746,0.6607661458839668,0.5353593174606793
29,ptb-xl,0.09614060733099061,0.09708004570902527,0.8518609406952965,0.8831411126187245,0.8227208089745616,0.5124603937956608,0.5633575220123871,0.49679036495587864
30,chapman_shaoxing,0.07064407002655373,0.07008307366395149,0.8749753110803872,0.8942268873637464,0.8565351894818252,0.6493304847834002,0.69426031914335,0.6409708155005123
30,cpsc_2018,0.09076877407729626,0.077781482214729,0.8351559335763467,0.8556016597510373,0.8156645569620253,0.45354710506700746,0.4777275311558646,0.453517339578041
30,georgia,0.13942912531395754,0.13861874433107746,0.7605764760576476,0.8051181102362205,0.720704845814978,0.6114623223135872,0.6416987947851928,0.6021287334608334
30,ningbo,0.05651223156494065,0.07025089868078274,0.865130336229694,0.9070025348542459,0.8269536328181424,0.5624428253644151,0.6316622856064354,0.5341999489823559
30,ptb-xl,0.09540458836773333,0.0996966603930912,0.8486106675183648,0.8577885391444714,0.8396271132880392,0.5113822563689873,0.5954315399620885,0.4984515869366695
